post_id,scraped_at,make,model,year,mileage,price,color,condition,transmission,body_type,fuel_type,drive_type,title_status,vehicle_age,miles_per_year,price_per_10k_miles,actual_price,pred_price
7931207028,2026-05-17T15:00:22Z,gmc,savana 2500 cargo,2019,100000.0,16500.0,,excellent,automatic,van,gas,,clean,7.0,14286.0,1650.0,16500.0,16289.54
7931206130,2026-05-17T16:00:05Z,ford,transit connect,2013,32000.0,11000.0,,excellent,automatic,van,gas,fwd,clean,13.0,2462.0,3437.5,11000.0,9024.38
7931217661,2026-05-17T16:00:05Z,ford,model a sport coupe,1931,91710.0,24500.0,brown,good,manual,coupe,gas,,clean,95.0,965.0,2671.46,24500.0,25018.85
7931243178,2026-05-17T04:00:38Z,bmw,328i xdrive,2011,96000.0,7485.0,blue,good,automatic,sedan,gas,4wd,clean,15.0,6400.0,779.69,7485.0,7895.76
7931153153,2026-05-17T15:00:22Z,buick,envista,2024,15753.0,19997.0,ebony twilight metallic,great condition,automatic,suv,gas,fwd,clean,2.0,7876.0,12694.09,19997.0,40512.11
7931154323,2026-05-17T12:00:27Z,chevrolet,express 2500 cargo,2010,280000.0,4800.0,grey,good,automatic,van,gas,,clean,16.0,17500.0,171.43,4800.0,4648.2
7931235090,2026-05-17T15:00:22Z,buick,encore,2022,30106.0,16579.0,quicksilver,used,automatic,suv,gas,awd,clean,4.0,7526.0,5506.88,16579.0,17364.66
7931243504,2026-05-17T11:00:37Z,jeep,liberty limited sport,2012,114000.0,6885.0,black forest green,excellent,automatic,suv,gas,4wd,clean,14.0,8143.0,603.95,6885.0,7416.24
7931151528,2026-05-17T04:00:38Z,chrysler,town & country,2015,51345.0,28900.0,white,,automatic,minivan,gas,fwd,clean,11.0,4668.0,5628.59,28900.0,16869.3
7931288695,2026-05-17T10:00:05Z,ford,f-150 xlt 4x4,2012,158000.0,11500.0,red,excellent,automatic,pickup,gas,4wd,clean,14.0,11286.0,727.85,11500.0,6508.53
7931291640,2026-05-17T12:00:27Z,chevrolet,cobalt,2009,140000.0,3000.0,,,automatic,,gas,,clean,17.0,8235.0,214.29,3000.0,3052.0
7931193763,2026-05-17T16:00:05Z,buick,encore gx,2023,26966.0,18997.0,cinnabar,used,automatic,suv,gas,awd,clean,3.0,8989.0,7044.8,18997.0,26231.6
7931318478,2026-05-17T15:00:22Z,nissan,versa hatchback,2014,78500.0,,silver,excellent,automatic,hatchback,gas,fwd,clean,12.0,6542.0,,,8428.03
7931381668,2026-05-17T14:00:07Z,subaru,impreza,2016,147969.0,8998.0,silver,used,manual,wagon,gas,awd,clean,10.0,14797.0,608.1,8998.0,10193.03
7931477034,2026-05-17T15:00:22Z,mazda,cx-5,2014,99800.0,12800.0,gray meteor gray mica,,automatic,sport utility,gas,awd,clean,12.0,8317.0,1282.57,12800.0,11734.76
7931481730,2026-05-17T14:00:07Z,subaru,impreza,2017,138131.0,8800.0,crystal white pearl,used,automatic,wagon,gas,awd,clean,9.0,15348.0,637.08,8800.0,12134.81
7931451340,2026-05-17T14:00:07Z,buick,encore gx,2023,13586.0,22997.0,sapphire,great condition,automatic,suv,gas,awd,clean,3.0,4529.0,16926.98,22997.0,32823.0
7931482526,2026-05-17T11:00:37Z,toyota,rav4,2013,125603.0,13885.0,green,used,automatic,suv,gas,4wd,clean,13.0,9662.0,1105.47,13885.0,13677.5
7931473651,2026-05-17T11:00:37Z,audi,a6,2019,42250.0,17000.0,black,excellent,automatic,sedan,gas,,clean,7.0,6036.0,4023.67,17000.0,16543.8
7931482429,2026-05-17T12:00:27Z,chevrolet,colorado,2018,167341.0,12850.0,black,used,automatic,pickup,gas,4wd,clean,8.0,20918.0,767.89,12850.0,14067.43
7931482619,2026-05-17T12:00:27Z,ram,3500,2016,142654.0,29900.0,silver,,automatic,regular cab chassis-cab,gas,4wd,clean,10.0,14265.0,2095.98,29900.0,15870.08
7931422606,2026-05-17T14:00:07Z,ford,f250 superduty,2015,30414.0,22500.0,white,like new,automatic,pickup,gas,4wd,clean,11.0,2765.0,7397.91,22500.0,12193.37
7931501694,2026-05-17T06:00:28Z,jaguar,mk v drophead coupe,1950,51000.0,85000.0,red,like new,manual,convertible,gas,rwd,clean,76.0,671.0,16666.67,85000.0,56638.38
7931482484,2026-05-17T09:00:06Z,chevrolet,cobalt,2010,123272.0,3980.0,imperial blue metallic,used,automatic,sedan,gas,,clean,16.0,7704.0,322.86,3980.0,5186.22
7931403950,2026-05-17T04:00:38Z,dodge,grand caravan,2020,66365.0,15519.0,octane red pearlcoat,used,automatic,minivan,gas,fwd,clean,6.0,11061.0,2338.43,15519.0,16253.2
7931482785,2026-05-17T14:00:07Z,land rover,range rover sport,2017,95262.0,16900.0,black,used,automatic,suv,gas,,clean,9.0,10585.0,1774.05,16900.0,17283.24
7931473944,2026-05-17T09:00:06Z,volkswagen,tiguan,2023,23000.0,20000.0,grey,excellent,automatic,suv,gas,,clean,3.0,7667.0,8695.65,20000.0,25743.22
7931651841,2026-05-17T08:00:33Z,fiat,500,2012,37851.0,7999.0,blue,excellent,manual,hatchback,gas,fwd,clean,14.0,2704.0,2113.29,7999.0,7959.64
7931495819,2026-05-17T16:00:05Z,infiniti,qx60,2023,38565.0,34319.0,warm titanium,great condition inside & out,automatic,suv,gas,4wd,clean,3.0,12855.0,8899.0,34319.0,30695.04
7931384137,2026-05-17T08:00:33Z,ford,transit 350 xl,2016,92000.0,32700.0,silver,excellent,automatic,van,gas,rwd,clean,10.0,9200.0,3554.35,32700.0,10680.41
7931515827,2026-05-17T13:00:06Z,ford,f-150,2005,169000.0,11800.0,red,excellent,automatic,pickup,gas,4wd,clean,21.0,8048.0,698.22,11800.0,4936.5
7931760593,2026-05-17T13:00:06Z,dodge,neon,2002,150000.0,3288.0,,,automatic,,gas,,clean,24.0,6250.0,219.2,3288.0,3209.42
7931386284,2026-05-17T11:00:37Z,subaru,outback,2015,176255.0,7998.0,white,used,cvt,wagon,gas,awd,clean,11.0,16023.0,453.77,7998.0,10010.72
7931609764,2026-05-17T16:00:05Z,honda,odyssey,2008,130579.0,5495.0,grey,good,automatic,minivan,gas,fwd,clean,18.0,7254.0,420.82,5495.0,6052.46
7931613521,2026-05-17T14:00:07Z,acura,tl,2003,198000.0,1200.0,black,,automatic,sedan,gas,,clean,23.0,8609.0,60.61,1200.0,2109.78
7931656179,2026-05-17T14:00:07Z,gmc,sierra 1500,2014,126000.0,12200.0,brown,excellent,automatic,pickup,gas,4wd,clean,12.0,10500.0,968.25,12200.0,11381.57
7931715389,2026-05-17T13:00:06Z,nissan,350 z convertible,2007,10000.0,27500.0,grey,like new,manual,convertible,gas,rwd,clean,19.0,526.0,27500.0,27500.0,64046.92
7931696144,2026-05-17T10:00:05Z,volvo,xc70,2007,250000.0,1000.0,grey,good,automatic,suv,gas,4wd,clean,19.0,13158.0,40.0,1000.0,3502.61
7931717554,2026-05-17T13:00:06Z,mazda,rx3,1978,99999.0,,,restoration project,manual,,gas,,clean,48.0,2083.0,,,4591.14
7931477013,2026-05-17T16:00:05Z,ford,edge,2018,137105.0,10800.0,gray magnetic metallic,"clean car fax, no accidents, minor cosmetic damage",automatic,sport utility,gas,awd,clean,8.0,17138.0,787.72,10800.0,12043.21
7931637067,2026-05-17T14:00:07Z,jeep,compass,2022,33282.0,21595.0,red,great condition,automatic,suv,gas,4wd,clean,4.0,8320.0,6488.49,21595.0,17543.63
7931839704,2026-05-17T16:00:05Z,land rover,range rover hse lux,2006,125000.0,4985.0,green,excellent,automatic,suv,gas,4wd,clean,20.0,6250.0,398.8,4985.0,5819.38
7931845397,2026-05-17T16:00:05Z,ford,f-350 super duty - single rear wheel,2005,312000.0,15000.0,white,good,automatic,pickup,diesel,4wd,clean,21.0,14857.0,480.77,15000.0,7519.76
7931947478,2026-05-17T11:00:37Z,vw,jetta,2016,147000.0,4200.0,black,good,automatic,sedan,gas,fwd,clean,10.0,14700.0,285.71,4200.0,6489.95
7931945260,2026-05-17T08:00:33Z,dodge,neon,2002,150000.0,3288.0,,,automatic,,gas,,clean,24.0,6250.0,219.2,3288.0,3209.42
7931843769,2026-05-17T11:00:37Z,volvo,xc60 t5 premier,2016,126000.0,8885.0,grey,excellent,automatic,suv,gas,4wd,clean,10.0,12600.0,705.16,8885.0,9150.66
7931914889,2026-05-17T15:00:22Z,dodge,dart,2013,155000.0,3800.0,,,automatic,,gas,,clean,13.0,11923.0,245.16,3800.0,6331.06
7931992818,2026-05-17T16:00:05Z,dodge,grand caravan,2008,60200.0,6400.0,black,like new,automatic,minivan,gas,fwd,clean,18.0,3344.0,1063.12,6400.0,11015.25
7931645169,2026-05-17T09:00:06Z,jeep,wrangler,1995,160000.0,6700.0,red,excellent,automatic,pickup,gas,rwd,clean,31.0,5161.0,418.75,6700.0,4642.44
7932008595,2026-05-17T15:00:22Z,honda,civic lx,2015,156884.0,8995.0,silver,good,automatic,,gas,fwd,clean,11.0,14262.0,573.35,8995.0,8580.74
7932018353,2026-05-17T07:00:37Z,cadillac,ats sedan,2015,80600.0,13800.0,tan silver coast metallic,,automatic,sedan,gas,awd,clean,11.0,7327.0,1712.16,13800.0,12174.3
7932018391,2026-05-17T10:00:05Z,honda,civic sdn,2012,49900.0,9800.0,black crystal black pearl,like new,automatic,sedan,gas,fwd,clean,14.0,3564.0,1963.93,9800.0,7524.38
7932043794,2026-05-17T13:00:06Z,gmc,acadia,2016,113171.0,,maroon,excellent,automatic,suv,gas,4wd,clean,10.0,11317.0,,,9585.86
7932082124,2026-05-17T14:00:07Z,hyundai,elantra,2025,25224.0,22888.0,gray,great condition,automatic,sedan,gas,fwd,clean,1.0,25224.0,9073.9,22888.0,18404.21
7932125786,2026-05-17T10:00:05Z,bmw,x6,2022,76833.0,43995.0,black,great condition,automatic,suv,gas,awd,clean,4.0,19208.0,5726.06,43995.0,20756.72
7932018339,2026-05-17T14:00:07Z,audi,q5,2014,129400.0,9800.0,gray monsoon gray metallic,,automatic,suv,,awd,clean,12.0,10783.0,757.34,9800.0,9422.52
7932018370,2026-05-17T07:00:37Z,bmw,5 series,2016,100300.0,14800.0,black,clean,automatic,sedan,gas,awd,clean,10.0,10030.0,1475.57,14800.0,12027.78
7932037642,2026-05-17T14:00:07Z,gmc,terrain,2018,74765.0,16997.0,summit white,great condition,automatic,suv,gas,awd,clean,8.0,9346.0,2273.39,16997.0,20243.64
7932018324,2026-05-17T10:00:05Z,chevrolet,equinox,2018,135100.0,12800.0,black mosaic black metallic,,automatic,sport utility,gas,awd,clean,8.0,16888.0,947.45,12800.0,12255.29
7932248764,2026-05-17T08:00:33Z,jeep,cherokee latitude 4x4,2014,91437.0,9450.0,black,excellent,automatic,suv,gas,4wd,clean,12.0,7620.0,1033.5,9450.0,9160.04
7932225749,2026-05-17T12:00:27Z,,,2027,12345.0,,,,,,,,clean,,,,,38137.69
7932254747,2026-05-17T10:00:05Z,jeep,compass sport,2016,153000.0,4700.0,grey,excellent,automatic,suv,gas,4wd,clean,10.0,15300.0,307.19,4700.0,6167.23
7932260863,2026-05-17T10:00:05Z,acura,integra,2025,4600.0,32900.0,white,like new,automatic,sedan,gas,fwd,clean,1.0,4600.0,71521.74,32900.0,44237.01
7932207897,2026-05-17T12:00:27Z,volkswagen,jetta,2009,145000.0,1200.0,black,fair,automatic,sedan,gas,fwd,clean,17.0,8529.0,82.76,1200.0,4057.62
7932269676,2026-05-17T14:00:07Z,honda,odyssey,2021,35912.0,32979.0,gray,great condition,automatic,minivan,gas,fwd,clean,5.0,7182.0,9183.28,32979.0,22149.74
7932247827,2026-05-17T16:00:05Z,volvo,xc70,2008,150000.0,6000.0,brown,good,automatic,suv,gas,awd,clean,18.0,8333.0,400.0,6000.0,4602.92
7932354365,2026-05-17T11:00:37Z,dodge,grand caravan,2017,56795.0,9997.0,white,used,automatic,minivan,gas,fwd,clean,9.0,6311.0,1760.19,9997.0,16067.19
7932251806,2026-05-17T13:00:06Z,audi,a4 2.0t quattro,2009,114115.0,6000.0,silver,good,automatic,sedan,gas,4wd,clean,17.0,6713.0,525.79,6000.0,6134.08
7932311372,2026-05-17T07:00:37Z,infiniti,qx80,2023,48158.0,39979.0,black,great condition,automatic,suv,gas,4wd,clean,3.0,16053.0,8301.63,39979.0,29442.58
7932250587,2026-05-17T04:00:38Z,chevrolet,trax ls,2016,81652.0,7500.0,black,excellent,automatic,hatchback,gas,4wd,clean,10.0,8165.0,918.53,7500.0,8403.68
7932365561,2026-05-17T14:00:07Z,audi,a6,2019,42250.0,17000.0,black,excellent,automatic,sedan,gas,,clean,7.0,6036.0,4023.67,17000.0,16543.8
7932397352,2026-05-17T09:00:06Z,dodge,neon,2002,150000.0,3288.0,,,automatic,,gas,,clean,24.0,6250.0,219.2,3288.0,3209.42
7932537332,2026-05-17T16:00:05Z,ford,ranger,2024,16872.0,53987.0,shadow black,used,automatic,pickup,gas,awd,clean,2.0,8436.0,31997.98,53987.0,39939.55
7932566122,2026-05-17T14:00:07Z,kia,optima lx,2015,102000.0,2200.0,blue,excellent,automatic,sedan,gas,fwd,clean,11.0,9273.0,215.69,2200.0,6106.56
7932531406,2026-05-17T14:00:07Z,mercedes-benz,sl 550 roadster,2013,59525.0,31900.0,black,like new,automatic,roadster,gas,rwd,clean,13.0,4579.0,5359.09,31900.0,12477.12
7932494427,2026-05-17T14:00:07Z,chevrolet,suburban lt,2016,163430.0,12500.0,red,good,automatic,suv,gas,,clean,10.0,16343.0,764.85,12500.0,7753.02
7932557599,2026-05-17T14:00:07Z,chevy,silverado 1500,2016,142000.0,13500.0,blue,excellent,automatic,pickup,gas,4wd,clean,10.0,14200.0,950.7,13500.0,5957.5
7932589516,2026-05-17T16:00:05Z,ford,super duty f-350 srw,2015,264719.0,16900.0,bronze fire metallic,used,automatic,pickup,diesel,4wd,clean,11.0,24065.0,638.41,16900.0,16900.0
7932589568,2026-05-17T15:00:22Z,honda,accord,2009,167283.0,6250.0,gray,used,automatic,sedan,gas,,clean,17.0,9840.0,373.62,6250.0,6642.83
7932589658,2026-05-17T05:00:22Z,jeep,cherokee,2019,95682.0,13680.0,bright white clearcoat,used,automatic,suv,gas,4wd,clean,7.0,13669.0,1429.74,13680.0,14095.75
7932590385,2026-05-17T13:00:06Z,ford,fusion,2015,92276.0,10850.0,black,used,automatic,sedan,gas,awd,clean,11.0,8389.0,1175.82,10850.0,10870.43
7932589216,2026-05-17T10:00:05Z,nissan,rogue,2019,143504.0,10990.0,magnetic black pearl,used,automatic,suv,gas,4wd,clean,7.0,20501.0,765.83,10990.0,11086.45
7932589963,2026-05-17T12:00:27Z,honda,pilot,2016,120070.0,12688.0,white diamond pearl,used,automatic,suv,gas,4wd,clean,10.0,12007.0,1056.72,12688.0,12949.7
7932590471,2026-05-17T14:00:07Z,hyundai,elantra,2023,108905.0,16750.0,ecotronic gray,used,automatic,sedan,gas,fwd,clean,3.0,36302.0,1538.04,16750.0,16710.75
7932589476,2026-05-17T14:00:07Z,chevrolet,silverado 1500,2012,130790.0,13900.0,red,used,automatic,pickup,gas,4wd,clean,14.0,9342.0,1062.77,13900.0,14924.5
7932579921,2026-05-17T07:00:37Z,ford,f-150,2023,48510.0,64995.0,gray,great,automatic,pickup,gas,4wd,clean,3.0,16170.0,13398.27,64995.0,37089.8
7932588146,2026-05-17T11:00:37Z,land rover,range rover sport,2019,60999.0,30500.0,white,used,automatic,suv,gas,awd,clean,7.0,8714.0,5000.08,30500.0,21447.65
7932588201,2026-05-17T14:00:07Z,chevrolet,tahoe,2007,178658.0,6900.0,bermuda blue metallic,used,automatic,suv,,4wd,clean,19.0,9403.0,386.21,6900.0,6842.81
7932589172,2026-05-17T11:00:37Z,toyota,camry,2014,141623.0,9900.0,attitude black metallic,used,automatic,sedan,gas,fwd,clean,12.0,11802.0,699.04,9900.0,10814.35
7932589615,2026-05-17T13:00:06Z,chevrolet,caprice,1988,69541.0,17500.0,cream,used,automatic,wagon,gas,,clean,38.0,1830.0,2516.5,17500.0,17500.0
7932589729,2026-05-17T14:00:07Z,lexus,gs 300,2006,131986.0,8500.0,silver,used,automatic,sedan,gas,4wd,clean,20.0,6599.0,644.01,8500.0,8910.39
7932581662,2026-05-17T14:00:07Z,chevrolet,impala,2008,194000.0,2950.0,,excellent,automatic,sedan,gas,fwd,clean,18.0,10778.0,152.06,2950.0,3353.83
7932588748,2026-05-17T11:00:37Z,chevrolet,suburban,2014,168321.0,10500.0,champagne silver metallic,used,automatic,suv,gas,4wd,clean,12.0,14027.0,623.81,10500.0,9491.01
7932589325,2026-05-17T13:00:06Z,mercedes-benz,clk-class,1999,39501.0,10900.0,siver,used,automatic,convertible,gas,rwd,clean,27.0,1463.0,2759.42,10900.0,11389.54
7932589367,2026-05-17T07:00:37Z,chevrolet,silverado 1500,2012,67592.0,13650.0,blue,used,automatic,pickup,gas,4wd,clean,14.0,4828.0,2019.47,13650.0,14850.0
7932589690,2026-05-17T16:00:05Z,land rover,range rover,2018,101615.0,25400.0,black,used,automatic,suv,gas,awd,clean,8.0,12702.0,2499.63,25400.0,28759.89
7932645879,2026-05-17T13:00:06Z,dodge,neon,2002,150000.0,3288.0,,,automatic,,gas,,clean,24.0,6250.0,219.2,3288.0,3209.42
7932589839,2026-05-17T12:00:27Z,jeep,wrangler,2013,134534.0,12900.0,billet silver metallic,used,automatic,suv,gas,4wd,clean,13.0,10349.0,958.87,12900.0,9835.96
7932590561,2026-05-17T14:00:07Z,chevrolet,bel air,1956,1250.0,175000.0,black,used,manual,convertible,gas,,clean,70.0,18.0,1400000.0,175000.0,174250.0
7932590653,2026-05-17T10:00:05Z,mercedes-benz,s-class,2014,83873.0,20900.0,gray,used,automatic,sedan,gas,awd,clean,12.0,6989.0,2491.86,20900.0,20715.99
7932658416,2026-05-17T06:00:28Z,jaguar,xjs roadster,1992,60000.0,16500.0,black,excellent,automatic,convertible,gas,rwd,clean,34.0,1765.0,2750.0,16500.0,12218.09
7932589881,2026-05-17T12:00:27Z,infiniti,q50,2018,139096.0,13850.0,white,used,automatic,sedan,gas,4wd,clean,8.0,17387.0,995.72,13850.0,14833.95
7932658670,2026-05-17T15:00:22Z,ford,sedan,1940,40000.0,3500.0,green,fair,manual,sedan,gas,rwd,missing,86.0,465.0,875.0,3500.0,12447.92
7932588803,2026-05-17T06:00:28Z,chevrolet,bel air,1962,87572.0,47500.0,gold,used,manual,2dr,gas,,clean,64.0,1368.0,5424.11,47500.0,69470.03
7932590439,2026-05-17T16:00:05Z,chevrolet,camaro,1969,4664.0,58000.0,blue,used,automatic,,gas,,clean,57.0,82.0,124356.78,58000.0,58743.72
7932660538,2026-05-17T14:00:07Z,chevy,colorado,2019,101000.0,9800.0,,excellent,automatic,pickup,gas,rwd,clean,7.0,14429.0,970.3,9800.0,11676.22
7932588708,2026-05-17T16:00:05Z,dodge,custom chopped,1938,1025.0,36800.0,white,used,automatic,truck,gas,,clean,88.0,12.0,359024.39,36800.0,49657.7
7932745787,2026-05-17T16:00:05Z,mazda,mazda3 i grand touring,2016,149187.0,8499.0,red,good,automatic,hatchback,gas,fwd,clean,10.0,14919.0,569.69,8499.0,6069.27
7932589924,2026-05-17T11:00:37Z,audi,q3,2020,77916.0,17980.0,chronos gray metallic,used,automatic,suv,gas,awd,clean,6.0,12986.0,2307.61,17980.0,18136.99
7932700871,2026-05-17T13:00:06Z,daihatsu,hijet,1993,,8500.0,blue,good,manual,pickup,gas,4wd,clean,33.0,,,8500.0,5093.64
7932714245,2026-05-17T16:00:05Z,hyundai,sonota,2013,180000.0,4500.0,blue,like new,automatic,sedan,gas,fwd,clean,13.0,13846.0,250.0,4500.0,6021.61
7932794506,2026-05-17T07:00:37Z,toyota,highlander,2010,191959.0,8900.0,grey,like new,automatic,suv,gas,4wd,clean,16.0,11997.0,463.64,8900.0,5094.28
7932590612,2026-05-17T16:00:05Z,mercedes-benz,glk-class,2015,123897.0,8900.0,red,used,automatic,suv,gas,rwd,clean,11.0,11263.0,718.34,8900.0,8903.36
7932689744,2026-05-17T14:00:07Z,toyota,camry le,1999,167845.0,3995.0,white,good,automatic,,gas,fwd,clean,27.0,6216.0,238.02,3995.0,3953.52
7932721532,2026-05-17T16:00:05Z,chevrolet,trax,2021,88008.0,10397.0,yellow,great condition inside & out,automatic,suv,gas,awd,clean,5.0,17602.0,1181.37,10397.0,17223.91
7932742556,2026-05-17T15:00:22Z,toyota,camry trd,2021,88464.0,2999.0,white,excellent,automatic,sedan,gas,fwd,clean,5.0,17693.0,339.01,2999.0,15763.18
7932762673,2026-05-17T12:00:27Z,mercedes-benz,gls 450,2022,73028.0,39997.0,selenite gray,great,automatic,suv,gas,awd,clean,4.0,18257.0,5476.94,39997.0,19526.54
7932836537,2026-05-17T13:00:06Z,audi,q7,2014,196800.0,5500.0,black,excellent,automatic,truck,gas,4wd,clean,12.0,16400.0,279.47,5500.0,6664.49
7932805973,2026-05-17T06:00:28Z,chevrolet,corvette stingray,2024,11099.0,69597.0,arctic white,used,automatic,convertible,gas,rwd,clean,2.0,5550.0,62705.65,69597.0,72036.97
7932589270,2026-05-17T14:00:07Z,honda,accord sdn,2010,123114.0,9800.0,crystal black pearl,used,automatic,sedan,gas,,clean,16.0,7695.0,796.01,9800.0,7414.93
7932589417,2026-05-17T06:00:28Z,nissan,murano,2018,110109.0,14900.0,gun metallic,used,automatic,suv,gas,4wd,clean,8.0,13764.0,1353.2,14900.0,14900.0
7932872409,2026-05-17T10:00:05Z,ford,mustang gt,2001,6793.0,25000.0,yellow,like new,manual,coupe,gas,rwd,clean,25.0,272.0,36802.59,25000.0,31489.08
7932873251,2026-05-17T10:00:05Z,dodge,neon,2002,150000.0,3288.0,,,automatic,,gas,,clean,24.0,6250.0,219.2,3288.0,3209.42
7932920900,2026-05-17T15:00:22Z,kia,soul,2014,123296.0,5900.0,white,excellent,automatic,wagon,gas,fwd,clean,12.0,10275.0,478.52,5900.0,5927.0
7932920979,2026-05-17T13:00:06Z,hyundai,elantra,2012,138892.0,4900.0,white,excellent,automatic,sedan,gas,fwd,clean,14.0,9921.0,352.79,4900.0,4870.93
7932921379,2026-05-17T13:00:06Z,subaru,xv crosstrek limited 4d wagon,2014,124824.0,6900.0,grey,excellent,automatic,wagon,gas,4wd,clean,12.0,10402.0,552.78,6900.0,9979.02
7932920468,2026-05-17T14:00:07Z,chevrolet,silverado 1500,2008,167190.0,6700.0,blue,good,automatic,pickup,gas,rwd,clean,18.0,9288.0,400.74,6700.0,7477.79
7932920853,2026-05-17T13:00:06Z,infiniti,ex37,2013,89281.0,8900.0,grey,excellent,automatic,suv,gas,4wd,clean,13.0,6868.0,996.85,8900.0,9322.15
7932921806,2026-05-17T12:00:27Z,chevrolet,colorado z71,2016,166240.0,11900.0,grey,excellent,automatic,pickup,gas,4wd,clean,10.0,16624.0,715.83,11900.0,10790.71
7932920692,2026-05-17T16:00:05Z,subaru,xv crosstrek,2014,136625.0,8900.0,white,excellent,automatic,wagon,gas,4wd,clean,12.0,11385.0,651.42,8900.0,9297.97
7932964356,2026-05-17T12:00:27Z,toyota,tundra sr5,2005,105000.0,15000.0,white,excellent,automatic,pickup,gas,4wd,clean,21.0,5000.0,1428.57,15000.0,6934.08
7932921107,2026-05-17T10:00:05Z,subaru,crosstrek,2018,173000.0,8900.0,red,excellent,automatic,wagon,gas,4wd,clean,8.0,21625.0,514.45,8900.0,9454.67
7932921549,2026-05-17T16:00:05Z,subaru,outback,2013,145814.0,5900.0,black,excellent,automatic,wagon,gas,4wd,clean,13.0,11216.0,404.63,5900.0,7114.48
7932921685,2026-05-17T16:00:05Z,ford,fiesta s,2016,88133.0,5900.0,white,excellent,automatic,sedan,gas,fwd,clean,10.0,8813.0,669.44,5900.0,5900.0
7932935616,2026-05-17T15:00:22Z,subaru,forester,2016,152646.0,10998.0,silver,used,automatic,wagon,gas,awd,clean,10.0,15265.0,720.49,10998.0,10263.06
7932967218,2026-05-17T05:00:22Z,chevrolet,camaro,1995,188000.0,4500.0,plum purple,excellent,automatic,hatchback,gas,,missing,31.0,6065.0,239.36,4500.0,7442.76
7932967689,2026-05-17T14:00:07Z,ford,focus,2014,110900.0,6800.0,blue,,automatic,hatchback,,fwd,clean,12.0,9242.0,613.17,6800.0,6056.8
7932945864,2026-05-17T13:00:06Z,subaru,forester,2022,44438.0,22995.0,gray,great condition,automatic,suv,gas,awd,clean,4.0,11110.0,5174.63,22995.0,21311.43
7932880608,2026-05-17T16:00:05Z,subaru,wrx sti limited,2015,53000.0,22000.0,white,excellent,manual,sedan,gas,4wd,clean,11.0,4818.0,4150.94,22000.0,10149.74
7932935893,2026-05-17T07:00:37Z,subaru,outback,2015,141231.0,10998.0,white,used,automatic,wagon,gas,awd,clean,11.0,12839.0,778.72,10998.0,10648.14
7933001420,2026-05-17T11:00:37Z,chevy,silverado 1500,2010,98000.0,3500.0,green,good,automatic,truck,gas,4wd,clean,16.0,6125.0,357.14,3500.0,5852.02
7933011538,2026-05-17T06:00:28Z,buick,verano,2013,142000.0,4000.0,silver,excellent,automatic,sedan,gas,fwd,clean,13.0,10923.0,281.69,4000.0,5640.22
7933020177,2026-05-17T07:00:37Z,volvo,940,1993,167400.0,6900.0,burgundy,excellent,automatic,sedan,gas,rwd,clean,33.0,5073.0,412.19,6900.0,3313.41
7932987631,2026-05-17T16:00:05Z,hyundai,sonata,2025,31780.0,19997.0,portofino gray,used,automatic,sedan,gas,fwd,clean,1.0,31780.0,6292.32,19997.0,19278.83
7932925877,2026-05-17T16:00:05Z,ford,e-450,2004,92717.0,14500.0,custom,good,automatic,truck,gas,rwd,clean,22.0,4214.0,1563.9,14500.0,17500.08
7933111179,2026-05-17T08:00:33Z,honda,crv,2008,166000.0,5700.0,black,good,automatic,suv,gas,,clean,18.0,9222.0,343.37,5700.0,5404.64
7932979098,2026-05-17T08:00:33Z,subaru,forester,2020,154836.0,12900.0,grey,like new,automatic,suv,gas,4wd,clean,6.0,25806.0,833.14,12900.0,11850.56
7933087594,2026-05-17T10:00:05Z,dodge,neon,2002,150000.0,3288.0,,,automatic,,gas,,clean,24.0,6250.0,219.2,3288.0,3209.42
7933094312,2026-05-17T13:00:06Z,jeep,compass,2020,73100.0,14750.0,white,excellent,automatic,suv,gas,4wd,clean,6.0,12183.0,2017.78,14750.0,18027.48
7933112011,2026-05-17T11:00:37Z,ford,fusion se,2012,161000.0,4450.0,black,like new,automatic,sedan,gas,fwd,clean,14.0,11500.0,276.4,4450.0,6115.81
7933159220,2026-05-17T13:00:06Z,subaru,crosstrek,2019,114950.0,12900.0,cool gray khaki,like new,automatic,hatchback,gas,4wd,clean,7.0,16421.0,1122.23,12900.0,13740.05
7933161233,2026-05-17T12:00:27Z,mercedes-benz,e350 4matic wagon,2013,148609.0,9900.0,black,like new,automatic,wagon,gas,4wd,clean,13.0,11431.0,666.18,9900.0,9039.63
7933161399,2026-05-17T10:00:05Z,subaru,forester 2.5i sport awd,2023,113437.0,18900.0,crystal black silica,like new,automatic,suv,gas,4wd,clean,3.0,37812.0,1666.12,18900.0,20253.18
7933157291,2026-05-17T13:00:06Z,subaru,crosstrek,2016,155031.0,8900.0,hyper blue,like new,automatic,hatchback,gas,4wd,clean,10.0,15503.0,574.08,8900.0,6884.55
7933159890,2026-05-17T16:00:05Z,bmw,z3 m roadster,1999,103044.0,15900.0,black,like new,manual,convertible,gas,rwd,clean,27.0,3816.0,1543.03,15900.0,14343.47
7933162174,2026-05-17T15:00:22Z,jeep,wrangler sport,2014,163000.0,7500.0,silver,excellent,manual,suv,gas,4wd,clean,12.0,13583.0,460.12,7500.0,7689.53
7933192751,2026-05-17T12:00:27Z,chevrolet,express 1500 cargo,2010,43883.0,14999.0,white,good,automatic,van,gas,4wd,clean,16.0,2743.0,3417.95,14999.0,10569.78
7933159672,2026-05-17T14:00:07Z,chevrolet,silverado 2500hd,2018,149053.0,25900.0,white,like new,automatic,pickup,diesel,4wd,clean,8.0,18632.0,1737.64,25900.0,25942.08
7933250862,2026-05-17T16:00:05Z,chevrolet,colorado,2022,74119.0,31000.0,black,used,automatic,pickup,gas,4wd,clean,4.0,18530.0,4182.46,31000.0,21911.6
7933157886,2026-05-17T07:00:37Z,mercedes benz,c300 4matic sedan,2020,73220.0,20900.0,white,like new,automatic,sedan,gas,4wd,clean,6.0,12203.0,2854.41,20900.0,25251.94
7933225745,2026-05-17T15:00:22Z,mazda,mpv,2001,140000.0,3000.0,silver,good,automatic,van,gas,4wd,clean,25.0,5600.0,214.29,3000.0,3620.96
7933158369,2026-05-17T15:00:22Z,toyota,sienna,2015,159707.0,11900.0,red,like new,automatic,minivan,gas,fwd,clean,11.0,14519.0,745.11,11900.0,12099.48
7933160144,2026-05-17T10:00:05Z,subaru,forester 2.5i touring awd,2018,155812.0,9900.0,green,like new,automatic,suv,gas,4wd,clean,8.0,19476.0,635.38,9900.0,10075.01
7933225052,2026-05-17T10:00:05Z,honda,accord hybrid,2005,106670.0,3500.0,grey,excellent,automatic,sedan,hybrid,fwd,clean,21.0,5080.0,328.11,3500.0,4620.05
7933160810,2026-05-17T16:00:05Z,toyota,camry le,2012,160899.0,7900.0,red,like new,automatic,sedan,gas,fwd,clean,14.0,11493.0,490.99,7900.0,8039.41
7933226811,2026-05-17T09:00:06Z,subaru,forester,2012,144000.0,6500.0,grey,excellent,automatic,suv,gas,4wd,clean,14.0,10286.0,451.39,6500.0,5860.5
7933283664,2026-05-17T12:00:27Z,mini,cooper s hatchback,2013,119000.0,6885.0,white silver metallic,good,automatic,hatchback,gas,fwd,clean,13.0,9154.0,578.57,6885.0,6220.33
7933157794,2026-05-17T15:00:22Z,mini-t,campervan,2026,22.0,66500.0,,new,automatic,van,gas,4wd,clean,0.0,,30227272.73,66500.0,73872.91
7933160643,2026-05-17T15:00:22Z,subaru,forester 2.5i limited awd,2017,157287.0,8900.0,crystal black silica,like new,automatic,suv,gas,4wd,clean,9.0,17476.0,565.84,8900.0,9992.27
7933261803,2026-05-17T12:00:27Z,nissan,frontier,2011,226000.0,4000.0,black,good,automatic,pickup,gas,4wd,clean,15.0,15067.0,176.99,4000.0,4135.53
7933269159,2026-05-17T16:00:05Z,toyota,rav4,2012,138985.0,8900.0,grey,like new,automatic,suv,gas,4wd,clean,14.0,9928.0,640.36,8900.0,7828.7
7933273897,2026-05-17T06:00:28Z,ford,f-150,2016,178733.0,,red,excellent,automatic,pickup,gas,4wd,clean,10.0,17873.0,,,8079.39
7933337650,2026-05-17T15:00:22Z,honda,odyssey touring,2006,243098.0,3975.0,silver,good,automatic,minivan,gas,fwd,clean,20.0,12155.0,163.51,3975.0,3011.5
7933320133,2026-05-17T10:00:05Z,toyota,tacoma,2011,158594.0,12800.0,white,great,automatic,pickup,gas,4wd,clean,15.0,10573.0,807.09,12800.0,5895.02
7933230997,2026-05-17T12:00:27Z,cadillac,milan,1979,86000.0,7500.0,white,good,automatic,convertible,gas,rwd,clean,47.0,1830.0,872.09,7500.0,7947.46
7933331238,2026-05-17T09:00:06Z,dodge,durango limited,2005,135000.0,3250.0,white,good,automatic,suv,gas,4wd,clean,21.0,6429.0,240.74,3250.0,3393.91
7933375186,2026-05-17T09:00:06Z,kia,k4,2025,13700.0,19959.0,blue,great,automatic,sedan,gas,fwd,clean,1.0,13700.0,14568.61,19959.0,44389.53
7933366714,2026-05-17T04:00:38Z,honda,civic lx coupe,2006,180000.0,2900.0,,,manual,coupe,gas,,clean,20.0,9000.0,161.11,2900.0,4565.92
7933386674,2026-05-17T05:00:22Z,ford,explorer,2012,92789.0,,blue,excellent,automatic,suv,gas,fwd,clean,14.0,6628.0,,,6418.59
7933278185,2026-05-17T12:00:27Z,land rover,range rover sport hse diesel,2016,126000.0,13885.0,grey,excellent,automatic,suv,diesel,4wd,clean,10.0,12600.0,1101.98,13885.0,16481.44
7933383957,2026-05-17T11:00:37Z,nissan,murano,2014,73000.0,7800.0,,excellent,automatic,convertible,gas,awd,clean,12.0,6083.0,1068.49,7800.0,11858.06
7933353274,2026-05-17T15:00:22Z,toyota,sequoia sr5,2006,167781.0,6995.0,grey,good,automatic,suv,gas,4wd,clean,20.0,8389.0,416.91,6995.0,6802.48
7933403099,2026-05-17T07:00:37Z,jeep,grand cherokee,2023,49437.0,28397.0,bright white,great condition,automatic,suv,gas,4wd,clean,3.0,16479.0,5744.08,28397.0,29321.54
7933376584,2026-05-17T08:00:33Z,lexus,lc 500,2021,36069.0,73600.0,black,,automatic,coupe,gas,rwd,clean,5.0,7214.0,20405.33,73600.0,34527.51
7933456822,2026-05-17T05:00:22Z,buick,encore,2016,93000.0,10885.0,brown,excellent,automatic,suv,gas,4wd,clean,10.0,9300.0,1170.43,10885.0,9760.11
7933462556,2026-05-17T15:00:22Z,honda,civic,2011,56000.0,3200.0,white,excellent,automatic,sedan,natural gas,fwd,clean,15.0,3733.0,571.43,3200.0,3964.88
7933422312,2026-05-17T16:00:05Z,porsche,944,1983,53300.0,13500.0,black,excellent,manual,,gas,rwd,clean,43.0,1240.0,2532.83,13500.0,9251.5
7933320672,2026-05-17T10:00:05Z,ford,freestar se,2006,90285.0,3999.0,maroon,great,automatic,van,gas,fwd,clean,20.0,4514.0,442.93,3999.0,5561.56
7933432707,2026-05-17T10:00:05Z,chevrolet,equinox,2024,42317.0,23797.0,white,great condition,automatic,suv,gas,awd,clean,2.0,21158.0,5623.51,23797.0,27790.96
7933450207,2026-05-17T07:00:37Z,dodge,neon,2002,150000.0,,,,automatic,,gas,,clean,24.0,6250.0,,,3209.42
7933546528,2026-05-17T13:00:06Z,subaru,outback 2.5i,2013,122750.0,6250.0,blue,excellent,automatic,hatchback,gas,4wd,clean,13.0,9442.0,509.16,6250.0,7179.6
7933555508,2026-05-17T11:00:37Z,honda,cr-v,2025,19069.0,27777.0,silver,used,automatic,suv,gas,4wd,clean,1.0,19069.0,14566.57,27777.0,45960.59
7933578830,2026-05-17T15:00:22Z,,any junk,1997,9999999.0,1.0,,,other,,other,,missing,29.0,344828.0,0.0,1.0,5860.18
7933644061,2026-05-17T16:00:05Z,toyota,4runner,2016,159726.0,21900.0,black,like new,automatic,suv,gas,4wd,clean,10.0,15973.0,1371.1,21900.0,17342.47
7933571568,2026-05-17T07:00:37Z,toyota,camry le,2004,184000.0,3900.0,custom,good,automatic,sedan,gas,fwd,missing,22.0,8364.0,211.96,3900.0,2662.12
7933604689,2026-05-17T16:00:05Z,cadillac,xts,2014,152541.0,1600.0,,excellent,automatic,,gas,fwd,clean,12.0,12712.0,104.89,1600.0,6383.95
7933687060,2026-05-17T16:00:05Z,dodge,neon,2002,150000.0,3288.0,,,automatic,,gas,,clean,24.0,6250.0,219.2,3288.0,3209.42
7933657717,2026-05-17T13:00:06Z,toyota,sienna,2010,74000.0,7800.0,,excellent,automatic,minivan,gas,fwd,rebuilt,16.0,4625.0,1054.05,7800.0,7144.63
7933598773,2026-05-17T16:00:05Z,gmc,yukon,2024,56027.0,58711.0,onyx black,great condition,automatic,suv,gas,4wd,clean,2.0,28014.0,10479.05,58711.0,33899.13
7933642885,2026-05-17T16:00:05Z,dodge,grand caravan,2019,187000.0,6000.0,grey,good,automatic,minivan,gas,fwd,clean,7.0,26714.0,320.86,6000.0,8222.06
7933519163,2026-05-17T12:00:27Z,bmw,z3 roadster,2001,79700.0,13000.0,silver,excellent,automatic,convertible,gas,rwd,clean,25.0,3188.0,1631.12,13000.0,12640.55
7933643905,2026-05-17T16:00:05Z,gmc,canyon,2025,5092.0,33599.0,sterling,great condition,automatic,pickup,gas,rwd,clean,1.0,5092.0,65983.9,33599.0,42789.8
7933709655,2026-05-17T07:00:37Z,nissan,sentra,2005,160000.0,1800.0,red,good,automatic,sedan,gas,fwd,clean,21.0,7619.0,112.5,1800.0,3730.09
7933764918,2026-05-17T11:00:37Z,mercedes-benz,e300 turbo diesel sedan,1999,219522.0,9900.0,black,like new,automatic,sedan,diesel,rwd,clean,27.0,8130.0,450.98,9900.0,5092.13
7933768746,2026-05-17T16:00:05Z,gmc,sierra 1500hd,2013,119925.0,12400.0,silver,excellent,automatic,pickup,gas,4wd,clean,13.0,9225.0,1033.98,12400.0,12254.99
7933878170,2026-05-17T14:00:07Z,nissan,frontier,2011,226000.0,4000.0,black,good,automatic,pickup,gas,4wd,clean,15.0,15067.0,176.99,4000.0,4135.53
7933879901,2026-05-17T14:00:07Z,porsche,panamera,2023,14521.0,85399.0,black,great condition inside & out,automatic,hatchback,gas,awd,clean,3.0,4840.0,58810.69,85399.0,38645.4
7933771839,2026-05-17T14:00:07Z,subaru,impreza,2014,112834.0,9998.0,silver,used,automatic,wagon,gas,awd,clean,12.0,9403.0,886.08,9998.0,10237.74
7933904382,2026-05-17T12:00:27Z,subaru,impreza sport wagon,2013,199000.0,4200.0,grey,excellent,automatic,wagon,gas,4wd,clean,13.0,15308.0,211.06,4200.0,5486.86
7933922072,2026-05-17T14:00:07Z,lexus,lx 570,2020,36995.0,50000.0,white,clean,automatic,suv,gas,4wd,clean,6.0,6166.0,13515.34,50000.0,45481.3
7933697817,2026-05-17T16:00:05Z,ford,f150,2013,139000.0,7600.0,grey,good,automatic,pickup,gas,rwd,clean,13.0,10692.0,546.76,7600.0,6974.92
7933836900,2026-05-17T11:00:37Z,gmc,terrain,2024,22013.0,26997.0,ebony twilight metallic,great,automatic,suv,gas,awd,clean,2.0,11006.0,12264.12,26997.0,25349.5
7933794745,2026-05-17T12:00:27Z,chrysler,voyager,2023,61453.0,19777.0,bright white,great condition,automatic,minivan,gas,fwd,clean,3.0,20484.0,3218.23,19777.0,27791.88
7933938812,2026-05-17T04:00:38Z,hyundai,elantra limited,2013,130000.0,5885.0,silver,good,automatic,sedan,gas,fwd,clean,13.0,10000.0,452.69,5885.0,7098.59
7933787312,2026-05-17T09:00:06Z,freightliner,m2 106,2014,195000.0,55900.0,,excellent,automatic,hooklift,diesel,,clean,12.0,16250.0,2866.67,55900.0,43996.76
7933946510,2026-05-17T14:00:07Z,volvo,850 turbo wagon,1994,140000.0,6000.0,red,excellent,automatic,wagon,gas,fwd,clean,32.0,4375.0,428.57,6000.0,3999.78
7933996380,2026-05-17T12:00:27Z,ford,escape se,2018,146900.0,6999.0,blue,excellent,automatic,suv,gas,4wd,clean,8.0,18362.0,476.45,6999.0,11508.99
7934016196,2026-05-17T15:00:22Z,honda,accord,2009,125000.0,7000.0,,,automatic,sedan,gas,,clean,17.0,7353.0,560.0,7000.0,12079.82
7934017934,2026-05-17T09:00:06Z,subaru,outback,2024,58751.0,26777.0,black,great condition,automatic,suv,gas,awd,clean,2.0,29376.0,4557.71,26777.0,25416.09
7933992447,2026-05-17T15:00:22Z,honda,element ex,2009,134629.0,9995.0,citrus fire metallic w/ titanium trim,excellent,automatic,crossover-suv,gas,4wd,clean,17.0,7919.0,742.41,9995.0,6223.31
7934035589,2026-05-17T15:00:22Z,honda,civic,2005,192000.0,2300.0,,good,automatic,,gas,,clean,21.0,9143.0,119.79,2300.0,3134.02
7934030535,2026-05-17T04:00:38Z,vw,jetta se,2014,173000.0,3999.0,grey,excellent,automatic,sedan,gas,fwd,clean,12.0,14417.0,231.16,3999.0,4632.49
7934059652,2026-05-17T14:00:07Z,honda,pilot,2022,57220.0,27799.0,gray,great condition,automatic,suv,gas,4wd,clean,4.0,14305.0,4858.27,27799.0,21970.4
7934053853,2026-05-17T09:00:06Z,ford,f150 model 7700,2002,118500.0,6500.0,dark green,good,automatic,pickup,gas,4wd,clean,24.0,4938.0,548.52,6500.0,5564.47
7934084043,2026-05-17T13:00:06Z,hyundai,sonata limited,2012,125000.0,5500.0,white,excellent,automatic,sedan,gas,fwd,clean,14.0,8929.0,440.0,5500.0,6216.58
7934094258,2026-05-17T16:00:05Z,acura,tlx,2022,30000.0,2000.0,,,automatic,sedan,gas,,clean,4.0,7500.0,666.67,2000.0,2000.0
7934074487,2026-05-17T16:00:05Z,land rover,defender 90 wolf,1997,10600.0,56000.0,green,excellent,manual,suv,diesel,4wd,clean,29.0,366.0,52830.19,56000.0,45036.8
7934138578,2026-05-17T14:00:07Z,mercedes-benz,sprinter 2500,2014,159861.0,15000.0,white,excellent,automatic,minivan,diesel,rwd,clean,12.0,13322.0,938.32,15000.0,10722.68
7934166516,2026-05-17T07:00:37Z,mini,countryman s all4,2015,109000.0,7885.0,light coffee pearl,excellent,manual,suv,gas,4wd,clean,11.0,9909.0,723.39,7885.0,9496.83
7934181871,2026-05-17T16:00:05Z,ford,transit 350 xlt,2017,169995.0,13500.0,white,excellent,automatic,van,gas,,clean,9.0,18888.0,794.14,13500.0,13741.16
7933995496,2026-05-17T05:00:22Z,toyota,highlander limited,2012,133225.0,11995.0,titanium metallic,excellent,automatic,suv,gas,4wd,clean,14.0,9516.0,900.36,11995.0,6908.6
7934014309,2026-05-17T16:00:05Z,ford,f-250,2008,180000.0,2700.0,,good,automatic,pickup,gas,,clean,18.0,10000.0,150.0,2700.0,4812.27
7934029639,2026-05-17T15:00:22Z,alfa romeo,spider,1988,38000.0,14000.0,red,good,manual,convertible,gas,rwd,clean,38.0,1000.0,3684.21,14000.0,8610.67
7934157047,2026-05-17T15:00:22Z,dodge,neon,2002,150000.0,3288.0,,,automatic,,gas,,clean,24.0,6250.0,219.2,3288.0,3209.42
7934194258,2026-05-17T15:00:22Z,honda,accord lx,2009,142000.0,7600.0,,excellent,automatic,sedan,gas,,clean,17.0,8353.0,535.21,7600.0,7246.68
7934189906,2026-05-17T11:00:37Z,gmc,yukon denali xl,2004,189300.0,2950.0,black,good,automatic,suv,gas,4wd,clean,22.0,8605.0,155.84,2950.0,2939.13
7934167839,2026-05-17T10:00:05Z,land rover,range rover sport hse luxury,2013,116000.0,8885.0,black,good,automatic,suv,gas,4wd,clean,13.0,8923.0,765.95,8885.0,9028.73
7934168081,2026-05-17T11:00:37Z,mini,cooper countryman s all4 hatchback,2019,129000.0,9885.0,black,excellent,automatic,suv,gas,4wd,clean,7.0,18429.0,766.28,9885.0,10918.22
7934238687,2026-05-17T16:00:05Z,mazda,cx9,2010,200000.0,3000.0,white,excellent,automatic,suv,gas,4wd,clean,16.0,12500.0,150.0,3000.0,3416.39
7934288064,2026-05-17T14:00:07Z,chevy,silverado 1500,2016,90000.0,,blue,like new,automatic,pickup,gas,4wd,clean,10.0,9000.0,,,2000.0
7934169859,2026-05-17T04:00:38Z,lincoln,capri,1953,5000.0,15500.0,green,excellent,automatic,coupe,gas,rwd,clean,73.0,68.0,31000.0,15500.0,27964.8
7934291176,2026-05-17T16:00:05Z,toyota,fj cruiser,2007,216506.0,10900.0,yellow,like new,automatic,suv,gas,4wd,clean,19.0,11395.0,503.45,10900.0,3936.18
7934219998,2026-05-17T15:00:22Z,mazda,cx-7,2011,215000.0,3235.0,black,fair,automatic,suv,gas,fwd,clean,15.0,14333.0,150.47,3235.0,2921.86
7934354330,2026-05-17T09:00:06Z,bmw,x5,2020,53516.0,29188.0,mineral white metallic,used,8-speed automatic,suv,gas,awd,clean,6.0,8919.0,5454.07,29188.0,20041.9
7934268258,2026-05-17T14:00:07Z,,5 window coupe,1931,10.0,7000.0,,,other,coupe,other,,clean,95.0,0.0,7000000.0,7000.0,49632.68
7934298189,2026-05-17T13:00:06Z,chevy,silverado 1500,2016,90000.0,2000.0,blue,like new,automatic,pickup,gas,4wd,clean,10.0,9000.0,222.22,2000.0,2000.0
7934162675,2026-05-17T16:00:05Z,ford,country squire wagon,1951,91000.0,22500.0,black,good,manual,wagon,gas,rwd,clean,75.0,1213.0,2472.53,22500.0,20737.0
7934287910,2026-05-17T12:00:27Z,jeep,grand cherokee,2020,97000.0,21500.0,white,like new,automatic,suv,gas,4wd,clean,6.0,16167.0,2216.49,21500.0,20535.35
7934362021,2026-05-17T08:00:33Z,mercedes-benz,c-class,2025,28347.0,37088.0,white,used,automatic,sedan,gas,rwd,clean,1.0,28347.0,13083.57,37088.0,21633.06
7934332470,2026-05-17T05:00:22Z,gmc,hummer ev,2024,17174.0,48500.0,grey,,automatic,suv,electric,4wd,clean,2.0,8587.0,28240.36,48500.0,59733.44
7934347184,2026-05-17T16:00:05Z,mercedes-benz,c-class,2025,32819.0,38777.0,black,great condition,automatic,sedan,gas,awd,clean,1.0,32819.0,11815.41,38777.0,20069.92
7934395543,2026-05-17T15:00:22Z,dodge,neon,2002,150000.0,3288.0,,,automatic,,gas,,clean,24.0,6250.0,219.2,3288.0,3209.42
7934373955,2026-05-17T13:00:06Z,nissan,frontier se crew cab,2009,79780.0,10450.0,black,excellent,automatic,pickup,gas,4wd,clean,17.0,4693.0,1309.85,10450.0,9605.0
7933873805,2026-05-17T10:00:05Z,jeep,patriot,2014,120000.0,5000.0,white,like new,automatic,suv,gas,fwd,clean,12.0,10000.0,416.67,5000.0,6495.26
7934455767,2026-05-17T09:00:06Z,subaru,legacy,2016,160404.0,9998.0,black,used,automatic,sedan,gas,awd,clean,10.0,16040.0,623.3,9998.0,9987.83
7934409314,2026-05-17T13:00:06Z,jeep,wrangler,1997,62000.0,13750.0,black,excellent,manual,suv,gas,,clean,29.0,2138.0,2217.74,13750.0,5688.46
7934455793,2026-05-17T11:00:37Z,subaru,legacy,2016,128238.0,10998.0,gray,used,automatic,sedan,gas,awd,clean,10.0,12824.0,857.62,10998.0,10909.52
7934388987,2026-05-17T15:00:22Z,audi,a5 coupe quattro prestige,2019,60000.0,25000.0,white,like new,automatic,coupe,gas,4wd,clean,7.0,8571.0,4166.67,25000.0,27583.19
7934494435,2026-05-17T06:00:28Z,mercedes benz,glk350 4matic awd suv,2013,129362.0,7900.0,white,like new,automatic,suv,gas,4wd,clean,13.0,9951.0,610.69,7900.0,7877.09
7934486901,2026-05-17T10:00:05Z,chevrolet,express,2008,230000.0,8800.0,white,good,automatic,van,gas,,clean,18.0,12778.0,382.61,8800.0,4664.9
7934492284,2026-05-17T12:00:27Z,toyota,camry,2018,33000.0,2000.0,white,like new,automatic,sedan,gas,fwd,clean,8.0,4125.0,606.06,2000.0,2000.0
7934467854,2026-05-17T15:00:22Z,mercedes-benz,ml350 4matic,2011,160000.0,5300.0,silver,excellent,automatic,suv,gas,awd,clean,15.0,10667.0,331.25,5300.0,5316.56
7934492120,2026-05-17T14:00:07Z,toyota,camry,2018,33000.0,2000.0,white,like new,automatic,sedan,gas,fwd,clean,8.0,4125.0,606.06,2000.0,2000.0
7934492609,2026-05-17T07:00:37Z,acura,tlx a-spec,2018,30000.0,,red,like new,automatic,sedan,gas,4wd,clean,8.0,3750.0,,,2330.25
7934448750,2026-05-17T16:00:05Z,bmw,320 e21,1980,100000.0,2900.0,red,fair,manual,sedan,gas,rwd,clean,46.0,2174.0,290.0,2900.0,7890.03
7934492319,2026-05-17T15:00:22Z,tesla,s,2022,40000.0,5000.0,white,like new,automatic,wagon,electric,4wd,clean,4.0,10000.0,1250.0,5000.0,13646.87
7934533883,2026-05-17T12:00:27Z,honda,civic,2015,326000.0,3500.0,,nice,automatic,,gas,,clean,11.0,29636.0,107.36,3500.0,5928.64
7934539302,2026-05-17T16:00:05Z,ford,thunderbird,1965,66000.0,18000.0,,mint original,automatic,,gas,,clean,61.0,1082.0,2727.27,18000.0,10376.64
7934492562,2026-05-17T15:00:22Z,chevy,silverado 1500,2016,90000.0,2000.0,blue,like new,automatic,pickup,gas,4wd,clean,10.0,9000.0,222.22,2000.0,2000.0
7934492659,2026-05-17T12:00:27Z,chevy,silverado 1500,2016,90000.0,,blue,like new,automatic,pickup,gas,4wd,clean,10.0,9000.0,,,2000.0
7934530284,2026-05-17T10:00:05Z,chevy,silverado ltz z71,2016,169455.0,15995.0,white,excellent,automatic,pickup,gas,4wd,clean,10.0,16946.0,943.91,15995.0,7097.06
7934536571,2026-05-17T15:00:22Z,infiniti,q50 sports tech,2017,156000.0,9500.0,grey,excellent,automatic,sedan,gas,4wd,clean,9.0,17333.0,608.97,9500.0,9617.99
7934585481,2026-05-17T14:00:07Z,toyota,prius touring hatchback,2008,152000.0,5485.0,silver,good,automatic,hatchback,hybrid,fwd,clean,18.0,8444.0,360.86,5485.0,5401.55
7934511877,2026-05-17T15:00:22Z,chevy,c3500,1999,240000.0,6000.0,grey,good,automatic,truck,gas,rwd,clean,27.0,8889.0,250.0,6000.0,6756.66
7934512598,2026-05-17T08:00:33Z,land rover,defender,2023,30115.0,47777.0,gray,great condition,automatic,suv,gas,4wd,clean,3.0,10038.0,15864.85,47777.0,28716.27
7934545618,2026-05-17T11:00:37Z,hyundai,sonata,2015,114500.0,6895.0,black,like new,automatic,sedan,gas,fwd,clean,11.0,10409.0,602.18,6895.0,7393.04
7934608668,2026-05-17T10:00:05Z,chevy,el camino,1986,1234567.0,6000.0,maroon and silver,good,automatic,,gas,,clean,40.0,30864.0,48.6,6000.0,5943.75
7934492628,2026-05-17T15:00:22Z,honda,accord,2020,20000.0,2000.0,blue,like new,automatic,sedan,gas,4wd,clean,6.0,3333.0,1000.0,2000.0,2000.0
7934595977,2026-05-17T05:00:22Z,dodge,neon,2002,150000.0,3288.0,,,automatic,,gas,,clean,24.0,6250.0,219.2,3288.0,3209.42
7934463360,2026-05-17T04:00:38Z,honda,civic,2013,112932.0,8999.0,blue,excellent,automatic,sedan,gas,fwd,clean,13.0,8687.0,796.85,8999.0,8906.14
7934577318,2026-05-17T13:00:06Z,nissan,rogue,2008,207000.0,900.0,black,good,automatic,suv,gas,4wd,clean,18.0,11500.0,43.48,900.0,2978.13
7934535875,2026-05-17T13:00:06Z,honda,civic,2010,177000.0,3500.0,,,automatic,,gas,,clean,16.0,11062.0,197.74,3500.0,5745.05
7934645271,2026-05-17T13:00:06Z,toyota,camry,2005,190000.0,3300.0,,clean,automatic,sedan,gas,,clean,21.0,9048.0,173.68,3300.0,2257.26
7934665576,2026-05-17T09:00:06Z,ford,mustang mach-e premium,2021,5000.0,18400.0,,excellent,automatic,coupe,electric,,clean,5.0,1000.0,36800.0,18400.0,56361.02
7934538551,2026-05-17T14:00:07Z,acura,tlx a-spec,2022,24000.0,,red,like new,automatic,sedan,gas,4wd,clean,4.0,6000.0,,,2318.22
7934649826,2026-05-17T07:00:37Z,ford,f-100,1963,,15000.0,black,good,automatic,pickup,gas,,clean,63.0,,,15000.0,12536.22
7934682309,2026-05-17T16:00:05Z,kia,forte lx,2014,110000.0,5200.0,silver,excellent,automatic,sedan,gas,fwd,clean,12.0,9167.0,472.73,5200.0,6640.62
7934688745,2026-05-17T13:00:06Z,honda,crv ex-l,2011,86900.0,6240.0,,excellent,automatic,suv,gas,,clean,15.0,5793.0,718.07,6240.0,8875.7
7934699195,2026-05-17T15:00:22Z,jeep,wrangler 4xe,2021,81914.0,23288.0,bright white,great,automatic,suv,electric,4wd,clean,5.0,16383.0,2842.98,23288.0,14812.34
7934764990,2026-05-17T12:00:27Z,scion,xb,2004,222000.0,4400.0,orange,excellent,manual,wagon,gas,fwd,clean,22.0,10091.0,198.2,4400.0,2794.34
7934679383,2026-05-17T08:00:33Z,subaru,outback,2011,127452.0,6998.0,green,used,cvt,wagon,gas,awd,clean,15.0,8497.0,549.07,6998.0,7850.78
7934840578,2026-05-17T11:00:37Z,dodge,neon,2002,150000.0,3288.0,,,automatic,,gas,,clean,24.0,6250.0,219.2,3288.0,3209.42
7934665036,2026-05-17T16:00:05Z,porsche,cayenne gts,2013,121000.0,6200.0,white,clean,automatic,suv,gas,awd,clean,13.0,9308.0,512.4,6200.0,8468.29
7934679400,2026-05-17T09:00:06Z,subaru,forester,2016,172843.0,9499.0,black,,automatic,wagon,gas,awd,clean,10.0,17284.0,549.57,9499.0,8787.58
7934736386,2026-05-17T06:00:28Z,mercedes-benz,c-class,2025,33152.0,35811.0,black,great condition,automatic,sedan,gas,awd,clean,1.0,33152.0,10802.06,35811.0,20069.92
7934775045,2026-05-17T13:00:06Z,toyota,rav4 hybrid,2023,34755.0,29797.0,silver,great condition,automatic,suv,gas,4wd,clean,3.0,11585.0,8573.44,29797.0,30907.88
7934892374,2026-05-17T15:00:22Z,volkswagen,jetta se,2011,203000.0,900.0,black,fair,automatic,sedan,gas,,clean,15.0,13533.0,44.33,900.0,2987.74
7934901492,2026-05-17T15:00:22Z,gmc,yukon,2023,37237.0,54599.0,summit white,great condition,automatic,suv,gas,4wd,clean,3.0,12412.0,14662.57,54599.0,36946.83
